{"k": [2, 3, 4, 5, 6, 7, 8], "inertia": [9014.566279573, 5441.323586829653, 4096.30021066224, 3119.789859800162, 2473.7933635647637, 2023.5866272235462, 1717.0110430839177], "silhouette": [0.8958249711727472, 0.5942233320872992, 0.6162275299061803, 0.6165002474679847, 0.5982885618366588, 0.516531562964477, 0.4858735340682143]}